DROP TABLE IF EXISTS TRANSACTION;
DROP TABLE IF EXISTS CUSTOMER_ACCOUNT_MAPPING;
DROP TABLE IF EXISTS ACCOUNT;
DROP TABLE IF EXISTS CUSTOMER;

CREATE TABLE CUSTOMER (
  CUSTOMER_ID INT AUTO_INCREMENT  PRIMARY KEY,
  NAME VARCHAR(250) NOT NULL
  );

INSERT INTO CUSTOMER (CUSTOMER_ID, NAME) VALUES
  (100, 'Dangote'),
  (101, 'Gates' ),
  (102, 'Alakija' );
  
  CREATE TABLE CUSTOMER_ACCOUNT_MAPPING (
  MAPPING_CUSTOMER_ID INT,
  MAPPING_ACCOUNT_ID INT
   );
   
   INSERT INTO CUSTOMER_ACCOUNT_MAPPING (MAPPING_CUSTOMER_ID, MAPPING_ACCOUNT_ID) VALUES
  (100, 111111),
  (101, 111112),
  (102, 111113);
   
   
CREATE TABLE ACCOUNT (
  ACCOUNT_NO INT AUTO_INCREMENT  PRIMARY KEY,
  ACCOUNT_TYPE VARCHAR(250) NOT NULL,
  CREATION_DATE DATE NOT NULL,
  BALANCE FLOAT NOT NULL
  );
  
INSERT INTO ACCOUNT (ACCOUNT_NO, ACCOUNT_TYPE,CREATION_DATE,BALANCE) VALUES
  (111111, 'SAVING' ,TO_DATE('2021/10/23', 'yyyy/mm/dd'),11232),
  (111112, 'CURRENT' ,TO_DATE('2021/10/20', 'yyyy/mm/dd'),123645),
  (111113, 'SAVING',TO_DATE('2021/10/21', 'yyyy/mm/dd'),8549620 );  
  
  
   
 CREATE TABLE TRANSACTION (
  TRANSACTION_ID INT AUTO_INCREMENT PRIMARY KEY,
  COMMENT VARCHAR(250) NOT NULL,
    DST_ACCOUNT_NO INT NOT NULL,
  SRC_ACCOUNT_NO INT NOT NULL,
  TRANSACTION_AMOUNT FLOAT NOT NULL,
  TRANSACTION_DATE DATE NOT NULL
  );
  
  
  INSERT INTO TRANSACTION (TRANSACTION_ID, COMMENT,DST_ACCOUNT_NO,SRC_ACCOUNT_NO,TRANSACTION_AMOUNT,TRANSACTION_DATE) VALUES
  (12345346, 'Debit from Account' ,111111,111112,100,TO_DATE('2021/10/23 00:02:44', 'yyyy/mm/dd hh24:mi:ss')),
  (12345347, 'Debit from Account' ,111111,111113,100,TO_DATE('2021/10/22 00:01:44', 'yyyy/mm/dd hh24:mi:ss')),
  (12345348, 'Credit from Account' ,111113,111111,100,TO_DATE('2021/10/22 00:11:44', 'yyyy/mm/dd hh24:mi:ss'));
  
  